"id","views","date","imageLink"
"86450","250.4K","Mar 28 at 17:33","https://t.me/tikvahethiopia/86450"
"86164","303.2K","Mar 20 at 20:57","https://t.me/tikvahethiopia/86164"
"85979","270.6K","Mar 14 at 19:23","https://t.me/tikvahethiopia/85979"
"85379","213.3K","Feb 22 at 16:48","https://t.me/tikvahethiopia/85379"
"85187","249.7K","Feb 15 at 18:02","https://t.me/tikvahethiopia/85187"
"85084","257.2K","Feb 11 at 21:35","https://t.me/tikvahethiopia/85084"
"84985","255.8K","Feb 8 at 09:32","https://t.me/tikvahethiopia/84985"
"84880","264.2K","Feb 4 at 21:25","https://t.me/tikvahethiopia/84880"
"84798","236.3K","Feb 1 at 14:50","https://t.me/tikvahethiopia/84798"
"84685","206.3K","Jan 28 at 17:27","https://t.me/tikvahethiopia/84685"
"84448","194.7K","Jan 21 at 15:00","https://t.me/tikvahethiopia/84448"
"84348","226.5K","Jan 18 at 15:27","https://t.me/tikvahethiopia/84348"
"84259","309.7K","Jan 14 at 19:24","https://t.me/tikvahethiopia/84259"
"84193","240.9K","Jan 11 at 21:26","https://t.me/tikvahethiopia/84193"
"87018","292.2K","Apr 19 at 20:11","https://t.me/tikvahethiopia/87018"
"86867","322.3K","Apr 12 at 21:20",
"86831","273.5K","Apr 11 at 11:06",
"86555","284.3K","Apr 2 at 14:13","https://t.me/tikvahethiopia/86555"
"86335","238.4K","Mar 26 at 20:41","https://t.me/tikvahethiopia/86335"
"86200","287.7K","Mar 22 at 11:49",
"85730","239.2K","Mar 5 at 11:33","https://t.me/tikvahethiopia/85730"
"85407","233.6K","Feb 23 at 23:13",
"85306","251.7K","Feb 20 at 11:39","https://t.me/tikvahethiopia/85306"
"84836","270.3K","Feb 2 at 10:36",
"84630","208.7K","Jan 26 at 10:32","https://t.me/tikvahethiopia/84630"
"84534","258.0K","Jan 23 at 10:22","https://t.me/tikvahethiopia/84534"
"87041","281.8K","Apr 20 at 18:48","https://t.me/tikvahethiopia/87041"
"86185","265.8K","Mar 21 at 17:15","https://t.me/tikvahethiopia/86185"
"86036","298.8K","Mar 16 at 15:43","https://t.me/tikvahethiopia/86036"
"85945","268.0K","Mar 13 at 18:04","https://t.me/tikvahethiopia/85945"
"86126","309.1K","Mar 18 at 20:47","https://t.me/tikvahethiopia/86126"
"85697","245.0K","Mar 4 at 10:01","https://t.me/tikvahethiopia/85697"
"85495","251.7K","Feb 26 at 18:52","https://t.me/tikvahethiopia/85495"
"85289","273.1K","Feb 19 at 16:40",
"85110","217.8K","Feb 12 at 21:17","https://t.me/tikvahethiopia/85110"